cid,text,time,author,channel,votes,photo,heart,reply,time_parsed,pred_class,pred_nonbull,pred_bull
UgyjoFSX4_V4Z35crZV4AaABAg,Kalau jd keluarga pasti seruuuu kayak kartikauusüòçüòçüòçüòç,2 tahun yang lalu,Cahaya Online,UCWXqoe25p5yUeShXo1P_SBg,24,https://yt3.ggpht.com/rVYGa-m2iFyBTpHTRuHLvzP5oGUrqi1RAx2Tzl10ikqH_P6FIuP1gylFS9MMcjZeuFgPLTIFu1c=s176-c-k-c0x00ffffff-no-rj,False,False,1619176836.196166,Non-Bull,39.55%,60.45%
UgyytFRv1pWUJT9y7ox4AaABAg,Kangen lihat momen nikita ma gofar.... Lagi....,2 tahun yang lalu,Dwi Remi,UCmBJkMpKJp3BKpVMUHU-0iQ,2,https://yt3.ggpht.com/ytc/AGIKgqOBHuJ5Ukn-1Kn30Wz9NRIs62u9yiqymnCSIg=s176-c-k-c0x00ffffff-no-rj,False,False,1619176836.196166,Non-Bull,39.55%,60.45%
UgzXSP3kwUyo_91mLPd4AaABAg,Kl liat video dua org ini.pasti ngakak campur malu kocak habis.bisa bikin org jd tertawa habisü§£ü§£ü§£ü§£...semangat nyai üí™üí™üí™,2 tahun yang lalu,Dea Maharani,UCrWIRHwUx-G5RCtuSzJlJDA,3,https://yt3.ggpht.com/ytc/AGIKgqNYKM4oS3S5jjOjEnZee33urapKcaq2f2EDog=s176-c-k-c0x00ffffff-no-rj,False,False,1619176836.212662,Non-Bull,31.37%,68.63%
UgyeogLpNiaUFUKGrX94AaABAg,No Comment kita hanya bisa mendoakan yg terbaik buat mereka,3 bulan yang lalu,Iwan Syafrudin,UCF5EtkTbAzxq0mfnPQVIOcw,0,https://yt3.ggpht.com/ytc/AGIKgqNhwTXtEYW1lqmQUdYhUPrS_T07LxhD3mAecw=s176-c-k-c0x00ffffff-no-rj,False,False,1674472836.213174,Non-Bull,39.55%,60.45%
UgwjM0U9cHdWJ9jTEs54AaABAg,Lucu keliatannya bisa buat nyai bahagia yg pasti nyai ketawa terus,2 tahun yang lalu,Marlin Sari,UCmi4hN3UsDloVzMrMjDE62w,15,https://yt3.ggpht.com/ytc/AGIKgqPjrAUX8Ky3SKp-eJbbTc3x94ZjvWZ0DpkNSg=s176-c-k-c0x00ffffff-no-rj,False,False,1619176836.213174,Non-Bull,39.55%,60.45%
UgzqJWHCQSbP1u0x9wt4AaABAg,sama2 slengekan cocoklaah...bang gofar orangnya jg menyenangkan ‚ù§,2 tahun yang lalu,Novita Aprilia,UC7xTDQ1deq10e_aRWN2UNpw,2,https://yt3.ggpht.com/ytc/AGIKgqNQSrK4HDa_Odu8l2r12fYF7xyZsuFNtfJ-qQ=s176-c-k-c0x00ffffff-no-rj,False,False,1619176836.226923,Non-Bull,39.55%,60.45%
Ugwx8O2JyQMoPH-t2X54AaABAg,Cocok nyai.gwe mpe senyum-senyum sendiri,2 tahun yang lalu,sia soon,UCmueyENjn08LPQJmz0ZvquA,4,https://yt3.ggpht.com/LrJJfqfKhaa_LP2grrfcRpwVgW6No1caj0Pcyx3Ve74mTgGnqRoqB2UT0IVkhBhcGyr1jmQ4mg=s176-c-k-c0x00ffffff-no-rj,False,False,1619176836.229178,Non-Bull,39.55%,60.45%
UgyHUtBZtiwaCI5a26J4AaABAg,Bahagia DECH nyai biar adem hati dan Fikiranxü§≤üëçüèªüòç,2 tahun yang lalu,R 49 1 L W 3D0 k,UCV_W08ydmdRi9RIAvRxUjCA,21,https://yt3.ggpht.com/ytc/AGIKgqO5_wm4gCwtKETv1kEFUVRib8LWE8vgONg9ULE_vg=s176-c-k-c0x00ffffff-no-rj,False,False,1619176836.229178,Non-Bull,39.55%,60.45%
UgxNhv9R5dYLZBAY70t4AaABAg,Mereka sedang menyatukan kekuatan wkwk,2 tahun yang lalu,June channel,UCfKtnlsGyUYk8XiahbkunBg,7,https://yt3.ggpht.com/ytc/AGIKgqOs-I2jbfCZdoj_j3TBacxmfzU3cmjKs4aRudTUrA=s176-c-k-c0x00ffffff-no-rj,False,False,1619176836.229178,Non-Bull,39.55%,60.45%
UgzU4bW31ULgNZNnPaV4AaABAg,Gue suka sama kalian berdua...ngak munafik...dan tidak menyakiti org lain,2 tahun yang lalu,Adelina Wangsadharma,UC8gL21xg7MZAcGi16n-9_4Q,1,https://yt3.ggpht.com/ytc/AGIKgqN6DcCZf3t2IEK8i4WkXtZr_XDDl_sPe6wP=s176-c-k-c0x00ffffff-no-rj,False,False,1619176836.244792,Non-Bull,78.1%,21.9%
UgzQ3CTkOjarab1NgjV4AaABAg,Suka buka aib temen üò° dan suka fitnah.nauzdubillahüòü,2 tahun yang lalu,nayla tul.muyessaroh,UCOS1OluZ7XVed2yXLrPtG0A,8,https://yt3.ggpht.com/ytc/AGIKgqMe6K2JJvu3xhmw_sSVn9KV9LM3gyYcz3s8sg=s176-c-k-c0x00ffffff-no-rj,False,False,1619176836.245817,Bull,12.82%,87.18%
Ugw73TZuHV8RtqbdNIZ4AaABAg,yaudah sih biarin aja tinggal tunggu aja video full versionnya wkwkwkw,2 tahun yang lalu,Lintas Star,UCd0LcPcIzfEI_hqiXhY12Sw,27,https://yt3.ggpht.com/ytc/AGIKgqOL8xIbqD61aaoZQj40A-OXkoeIwMOm54KLgOI50Q=s176-c-k-c0x00ffffff-no-rj,False,False,1619176836.245817,Non-Bull,39.55%,60.45%
Ugx8wCgQDENW5NaN0m54AaABAg,Anjayy ini dua manusia nakal y jujur..gw sukaüòÇüòÇ,2 tahun yang lalu,Galuh Utami,UCeYYAX6O7vVMkaaJzcPqrzw,3,https://yt3.ggpht.com/ytc/AGIKgqO140zacQ5bgaOoGek4ewvTrAQDCtptWnIcTw=s176-c-k-c0x00ffffff-no-rj,False,False,1619176836.256831,Non-Bull,99.9%,0.1%
UgzYy75PyR8xgJ7rKnN4AaABAg,cucok.mereka berdua..pasangan serasi banget....dua duanya hobi bertato ....cucok pokoknya..,2 tahun yang lalu,Rieka Pikmiandri,UCRVIic9CIsiCnqVnoDVyBEw,6,https://yt3.ggpht.com/ytc/AGIKgqMrLxOD6B7mxGzTbCl0-dM5wkbJBD1I7v20lQ=s176-c-k-c0x00ffffff-no-rj,False,False,1619176836.261447,Non-Bull,78.82%,21.18%
UgwBmCOqJ7jl4LdzdWt4AaABAg,G kn nyangka dia pernah berhijab,2 tahun yang lalu,perempuan biasa,UCqhe6gjEgVMvJZeN6No872g,1,https://yt3.ggpht.com/ytc/AGIKgqPodEkViPQNXdLx0dIojCliH1Rnp_B7b78soxpyAg=s176-c-k-c0x00ffffff-no-rj,False,False,1619176836.262478,Non-Bull,39.55%,60.45%
UgxlyHju9OB-fCvlb3F4AaABAg,Hati hati bg gofar..  üòÇ,2 tahun yang lalu,Belli Susandro Pinem,UCB6EBCjmv86edllydw7uvMA,28,https://yt3.ggpht.com/dd_FREROJISkP6pKoYJo0s7-RkAteR3UTEinfMqN28mY9Ir_etDincIrokc44VAHS7h0lWvQ99Y=s176-c-k-c0x00ffffff-no-rj,False,False,1619176836.262478,Non-Bull,36.71%,63.29%
UgxPdDJCSClfdUDEMld4AaABAg,bikin baper mereka hihihi,2 tahun yang lalu,Skynara 89,UCQyEDys8A9WdTc2XH0SKwDw,0,https://yt3.ggpht.com/ytc/AGIKgqOdfQt6zIijJpunLZPSZCWh2NV5TEOMu368xB5L8Fg=s176-c-k-c0x00ffffff-no-rj,False,False,1619176836.272494,Non-Bull,39.55%,60.45%
UgxSdbsRbqMmCuCGdJl4AaABAg,"Ini yah orang yang selalu umbar aib org tp aib sendiri lebih borok
Astagfirullah...",2 tahun yang lalu,Lhya Mozha,UCtWjycrwemkaX7ft-eJIpsw,71,https://yt3.ggpht.com/ytc/AGIKgqPcxlbPZAEri3uXi9n-7VhrZsIKMTL2S_aQXcZR=s176-c-k-c0x00ffffff-no-rj,False,False,1619176836.278662,Non-Bull,39.55%,60.45%
Ugyc0b0CD4mcQX8-CNF4AaABAg,"Waduh, semoga nikah aja",2 tahun yang lalu,Siti nurhasila,UC3MM1kogk49oK9XqlRL1iog,0,https://yt3.ggpht.com/ytc/AGIKgqMcMGezHDdHZbLAy5fNf6WHxpQJ8UfnJJR3lg=s176-c-k-c0x00ffffff-no-rj,False,False,1619176836.279694,Non-Bull,39.55%,60.45%
UgzU4bW31ULgNZNnPaV4AaABAg.9CDTca6YMNe9CDq4uaURL4,Yg saya tau dlm agama.  Aib sendiri itu harus disembunyikan. Biarlah menjadi rahasia sendiri.,2 tahun yang lalu,Fitri Zahro,UC8x38tgNB028ozfbFI1JY1Q,0,https://yt3.ggpht.com/ytc/AGIKgqO0gSaY7utjohXcDa8Abwiapd7KOBxfrW6kHX33=s176-c-k-c0x00ffffff-no-rj,False,True,1619176837.029685,Non-Bull,39.55%,60.45%
UgxSdbsRbqMmCuCGdJl4AaABAg.9BwggcpSRw59Bzxtbot3ye,"Kayak bener aja hidup lu tong,",2 tahun yang lalu,Roy Julianto,UCltxTVcnO6dwCmGDDcXIzvg,7,https://yt3.ggpht.com/Max26BJomkIkrfYnFRI2Pkx1JZoF7bFSTSkkmmDbpfxxsvIHLuH911v9Q6ULMPMvpW7S847pJA=s176-c-k-c0x00ffffff-no-rj,False,True,1619176837.495549,Bull,3.6%,96.4%
UgxSdbsRbqMmCuCGdJl4AaABAg.9BwggcpSRw59C-hrqwXl0C,lahh lu ngapain ngurusin idup orang? urus diri sendiri,2 tahun yang lalu,Januarta 23,UC-4TXPODeQyvnl6G_d6aDpQ,4,https://yt3.ggpht.com/ytc/AGIKgqOOvmUCSXGaRLgVLazzrrRr7vLkcZUez21PPw=s176-c-k-c0x00ffffff-no-rj,False,True,1619176837.495549,Non-Bull,73.14%,26.86%
UgxSdbsRbqMmCuCGdJl4AaABAg.9BwggcpSRw59C1PR78fFmK,Kyk hidup paling suci aja lu,2 tahun yang lalu,bayu mahardikaa,UCKEFFkipEHIxmLjr7Que9Xw,3,https://yt3.ggpht.com/ytc/AGIKgqOm7jQSi5dsPdigqs8tLGB9_f85f2rrvJEkQP8k=s176-c-k-c0x00ffffff-no-rj,False,True,1619176837.506594,Non-Bull,39.55%,60.45%
UgxSdbsRbqMmCuCGdJl4AaABAg.9BwggcpSRw59C2Z8_UMhUd,"Kalian aja ngapain ngurusin komenan orang buambuang!!!!! 
Dia mau komen apa aja jg hak dia kalee, bukan masalah siapa paling suci, tp seeengaknya qt sbg manusia jgn pernah mengumbar aib orang lain, kalo aib qt di umbar sm Allah langsung, tamat lu pada!!!",2 tahun yang lalu,Sara Carbonero,UCKqsJXfejqbdQqo5hebF1bA,12,https://yt3.ggpht.com/ytc/AGIKgqPOkXMyP3YPWkkdv7hZCR0vd-7TG-8owJh321RBDg=s176-c-k-c0x00ffffff-no-rj,False,True,1619176837.512066,Non-Bull,39.55%,60.45%
UgxSdbsRbqMmCuCGdJl4AaABAg.9BwggcpSRw59C2ZkSSw28U,Sara Carbonero trus elu ngapain ngurusin commenan orang juga pea ?,2 tahun yang lalu,bayu mahardikaa,UCKEFFkipEHIxmLjr7Que9Xw,4,https://yt3.ggpht.com/ytc/AGIKgqOm7jQSi5dsPdigqs8tLGB9_f85f2rrvJEkQP8k=s176-c-k-c0x00ffffff-no-rj,False,True,1619176837.512066,Bull,12.82%,87.18%
UgxSdbsRbqMmCuCGdJl4AaABAg.9BwggcpSRw59C2f1hs3X1l,¬†@Sara Carbonero¬† apasi apasi ..,2 tahun yang lalu,surya arnawa,UCjYeT-5xQwsSizqH5j9dApA,0,https://yt3.ggpht.com/ytc/AGIKgqP0BiojbYtB1rRHA_VSfyyyQigNvvOhNyz-o4A=s176-c-k-c0x00ffffff-no-rj,False,True,1619176837.512066,Non-Bull,39.55%,60.45%
UgxSdbsRbqMmCuCGdJl4AaABAg.9BwggcpSRw59C2gb7lUxV_,"Aib situ yg diumbar Ama dia? Kl gak ,ya ga usah sewot lah",2 tahun yang lalu,MINUMLAGI,UClASP6iStDEQ8IrDhCDz4hQ,1,https://yt3.ggpht.com/j_RIVrs3VcT6pDiW8DCK1qhoXqT3LEGbL5P7fKGMBobNQl9Yzwg-c08LFTRAFuDaq-2XuNl-LQ=s176-c-k-c0x00ffffff-no-rj,False,True,1619176837.525506,Non-Bull,39.55%,60.45%
UgxSdbsRbqMmCuCGdJl4AaABAg.9BwggcpSRw59C2ghmmWdBm,¬†@Sara Carbonero¬† jgn bawa TUHAN kalo mo julid,2 tahun yang lalu,MINUMLAGI,UClASP6iStDEQ8IrDhCDz4hQ,1,https://yt3.ggpht.com/j_RIVrs3VcT6pDiW8DCK1qhoXqT3LEGbL5P7fKGMBobNQl9Yzwg-c08LFTRAFuDaq-2XuNl-LQ=s176-c-k-c0x00ffffff-no-rj,False,True,1619176837.528842,Non-Bull,39.55%,60.45%
UgxSdbsRbqMmCuCGdJl4AaABAg.9BwggcpSRw59C2zoJEOsQG,"¬†@bayu mahardikaa¬† gw bknnya ngurusin komenan org tp gw ngejelasin sdikit klo aib qt gk mw d buka sm Allah jgn prnh buka aib org lain, belajar yg bnr makanya lu !!!",2 tahun yang lalu,Sara Carbonero,UCKqsJXfejqbdQqo5hebF1bA,3,https://yt3.ggpht.com/ytc/AGIKgqPOkXMyP3YPWkkdv7hZCR0vd-7TG-8owJh321RBDg=s176-c-k-c0x00ffffff-no-rj,False,True,1619176837.528842,Bull,14.17%,85.83%
UgxSdbsRbqMmCuCGdJl4AaABAg.9BwggcpSRw59C3hhIAvhim,Sara Carbonero bawa tuhan tp ngomongnya gtu ü§£ü§£ü§£,2 tahun yang lalu,bayu mahardikaa,UCKEFFkipEHIxmLjr7Que9Xw,1,https://yt3.ggpht.com/ytc/AGIKgqOm7jQSi5dsPdigqs8tLGB9_f85f2rrvJEkQP8k=s176-c-k-c0x00ffffff-no-rj,False,True,1619176837.936639,Non-Bull,39.55%,60.45%
UgxSdbsRbqMmCuCGdJl4AaABAg.9BwggcpSRw59C55v1CuYl2,"Dia khn ngomng punya rumah dr hasil berantem,kle berantem jalannya dia kaya,ya kita doakan sja mati sdh tobat",2 tahun yang lalu,tapak suci,UCkOrhXkRjysqOrzhaKoRXUQ,2,https://yt3.ggpht.com/ytc/AGIKgqML1CjpyGX212FhUXllNiOuBGEJmlfc5vvi7KzZ=s176-c-k-c0x00ffffff-no-rj,False,True,1619176837.94452,Non-Bull,39.55%,60.45%
UgxSdbsRbqMmCuCGdJl4AaABAg.9BwggcpSRw59C7Ts7Zt4xr,Mlh berantem pade...ngakak,2 tahun yang lalu,Sri Ganefiarti,UC-z43Ox1zHOjlJT27SIE9xw,1,https://yt3.ggpht.com/ytc/AGIKgqPqxeYNPSlZ4yvPgizKmkK25eQsjkQSj3w7cQ=s176-c-k-c0x00ffffff-no-rj,False,True,1619176837.94452,Non-Bull,39.55%,60.45%
UgxSdbsRbqMmCuCGdJl4AaABAg.9BwggcpSRw59C7UIiTiD3l,Sri Ganefiarti wkwkwkw ga ngerti lg,2 tahun yang lalu,bayu mahardikaa,UCKEFFkipEHIxmLjr7Que9Xw,1,https://yt3.ggpht.com/ytc/AGIKgqOm7jQSi5dsPdigqs8tLGB9_f85f2rrvJEkQP8k=s176-c-k-c0x00ffffff-no-rj,False,True,1619176837.952567,Non-Bull,39.55%,60.45%
UgxSdbsRbqMmCuCGdJl4AaABAg.9BwggcpSRw59CAvx1NtVSy,benar,2 tahun yang lalu,Babayaga Babayaga,UCmzSISBTnoXrQNw7mhuZfvg,0,https://yt3.ggpht.com/ytc/AGIKgqPlNmUGIW-TDvMvzkpdZoJ7HwxSJAltXXMh_g=s176-c-k-c0x00ffffff-no-rj,False,True,1619176837.952567,Non-Bull,39.55%,60.45%
UgxSdbsRbqMmCuCGdJl4AaABAg.9BwggcpSRw59CBCkFC2N3M,Yaelah ngapah jd lu pda yg berantem  sih üòÇüòÇ,2 tahun yang lalu,Hayatun Nupus,UCoUxvH2r69KJX_T9JSrSGfQ,0,https://yt3.ggpht.com/ytc/AGIKgqP3sb-AzE1HI_SDyTAIRwF_pSYRZrBm8Pcw2dr-=s176-c-k-c0x00ffffff-no-rj,False,True,1619176837.961322,Non-Bull,39.55%,60.45%
UgxSdbsRbqMmCuCGdJl4AaABAg.9BwggcpSRw59CX8VHlFKbM,¬†@Hayatun Nupus¬† kita nonton saja,2 tahun yang lalu,Sekar Jayanti,UC3RquFUDEeHrGC1G_1c5DBw,0,https://yt3.ggpht.com/ytc/AGIKgqM6pzqjZoFcrxi8vYSveQjsBJDHMkNE4D7qUTW1pw=s176-c-k-c0x00ffffff-no-rj,False,True,1619176837.961322,Non-Bull,39.55%,60.45%
UgxSdbsRbqMmCuCGdJl4AaABAg.9BwggcpSRw59DGb1VQPowz,"Ini youtube emang ada fasilitas komen, jd wajar kalo ada komen dan jgn mewek kalo komen lu di komen lg ama orang.
Lanjut baku hantamnya",2 tahun yang lalu,ndy1211,UCFktVb8HU5uees46vWdinaw,0,https://yt3.ggpht.com/ytc/AGIKgqMHZKt-Bx4LimkTpCV8bxjv4im_hPJGZx8RpLHSEg=s176-c-k-c0x00ffffff-no-rj,False,True,1619176837.961322,Bull,13.96%,86.04%
UgxSdbsRbqMmCuCGdJl4AaABAg.9BwggcpSRw59ED8hPatTlL,Hidup lu gmn? Udh bner blom? Kluarga lu gmn? Udh beres blm?,2 tahun yang lalu,Suma Sari,UCKAlNMLb9zGWUWN_ZYai2XA,0,https://yt3.ggpht.com/ytc/AGIKgqMDlBljr2H22ZSfxyK8wNx7hYnnIh0SktvGw8X2=s176-c-k-c0x00ffffff-no-rj,False,True,1619176837.961322,Bull,3.3%,96.7%
UgxSdbsRbqMmCuCGdJl4AaABAg.9BwggcpSRw59G9wYtRGc4E,"¬†@Sara Carbonero¬† iya deh iya maksudnya nasehatin ya mbaak. Boleh sih nasehatin, tp jgn ngatain org tolol mbak. Dijaga juga ya mulutnya tsayy jgn judge org sembarangan hihi~~ ü§≠",2 tahun yang lalu,Elizabeth Karina,UCFcND7QDXCJ1cuip6LZO9Kg,0,https://yt3.ggpht.com/ytc/AGIKgqPELicYdvNzVgPbWbwAXVuKOEmHjBL0RcnkAm8olA=s176-c-k-c0x00ffffff-no-rj,False,True,1619176837.979158,Bull,8.02%,91.98%
UgxSdbsRbqMmCuCGdJl4AaABAg.9BwggcpSRw59MFUsbrVFv0,Njir julid,2 tahun yang lalu,Ibnu Husen,UC_x2daiV1ptUfPKISzxi9WQ,0,https://yt3.ggpht.com/ytc/AGIKgqOH-lBzMeqLwh-qzlWJj_VPCjkOMRd-gQKA0ga-=s176-c-k-c0x00ffffff-no-rj,False,True,1619176837.979158,Non-Bull,39.55%,60.45%
UgxHwPcIy_f2h22Kdq54AaABAg,Jodoh itu cerminan dri,2 tahun yang lalu,Nur Khoriyah,UCeeWgG-iVORB1Gd6d2JDuGw,4,https://yt3.ggpht.com/ytc/AGIKgqPCNj0K2tE-wfhTQw5tNXjxIeoZbcwReQR0BQ=s176-c-k-c0x00ffffff-no-rj,False,False,1619176838.478071,Non-Bull,39.55%,60.45%
Ugzveb2Ghv6ne9ITwpN4AaABAg,yahhhh Abang Gofar udah di grepeh Nyai. padahal aku baru mau jadi fans nya Abang Gofar uuuyyy,2 tahun yang lalu,Davinna Audy,UCtX9Hfyxo0-3mCHSIJ7KMJg,0,https://yt3.ggpht.com/ytc/AGIKgqOwam9N7DTEraTFAC4lM35QI_5aX_h72wSmAg=s176-c-k-c0x00ffffff-no-rj,False,False,1619176838.485619,Non-Bull,39.55%,60.45%
UgzZEBUKlkdy6SrA8np4AaABAg,kok gua g rela ya bang gofar sama nikita,2 tahun yang lalu,yuliy anie,UCOgQYEuA-AHMqgRLzUBP0eg,0,https://yt3.ggpht.com/ytc/AGIKgqM9juvcIuN2cwEz6ijGGNPcuD4A8H4GzmhWkJzD=s176-c-k-c0x00ffffff-no-rj,False,False,1619176838.494115,Non-Bull,39.55%,60.45%
UgxTrbyf_cpR01OmNXZ4AaABAg,Gk beradab.. heran manusia sampah gini bnyak yg muji baik,2 tahun yang lalu,Torik Alkatiri Alatiri,UCRh7am_tHOXHQAzhNEWm2Lw,3,https://yt3.ggpht.com/ytc/AGIKgqNXYfl7pUh6GzURv8svI0hH3VYUX1o3Z7gU-g=s176-c-k-c0x00ffffff-no-rj,False,False,1619176838.494115,Bull,0.25%,99.75%
UgzGjmvSt0ETquKzbN54AaABAg,Kata nya Niki suka bule..,2 tahun yang lalu,kartini dini,UCTCgKDDhcPDJwAX6w8QWPuQ,1,https://yt3.ggpht.com/ytc/AGIKgqPIVah-XJc1943WSv5keZbQvc1BiXHurecSMc6k_Q=s176-c-k-c0x00ffffff-no-rj,False,False,1619176838.494115,Non-Bull,39.55%,60.45%
Ugyc2ECTcG3FeTyeKit4AaABAg,"Siap siap klo dah ga deket, di buka aibnya semua",2 tahun yang lalu,Juliansyah Fajarlilah,UCVuxELW6xgY_5IkWdyyJHJw,16,https://yt3.ggpht.com/ytc/AGIKgqPjCuVgQ5RlNlsNpZBC5oqjx6_aoCkvXd-IAg=s176-c-k-c0x00ffffff-no-rj,False,False,1619176838.494115,Non-Bull,39.55%,60.45%
Ugz0gfFUOymZG9EFda14AaABAg,"Astaghfirloh..kasian jiwa anak2nya melihat emaknya s.nti.g bgn kelakuannya,ngumbar mesra yg bkn mukhrim dan bangga dg auratnya",2 tahun yang lalu,Sharma Sabbisa,UC6d5AH9iT7LmjDXOYjYckoA,7,https://yt3.ggpht.com/ytc/AGIKgqMuhosYhhEefJdx_mduPNt-TXoof-oejuhcI3SN=s176-c-k-c0x00ffffff-no-rj,False,False,1619176838.51089,Non-Bull,39.55%,60.45%
UgxiL2vYn5KenqI1kFJ4AaABAg,Ati bang gofar ntar lu kena jebaküòÇ,2 tahun yang lalu,Ancen Pranata,UCnxUAiKXsjV239Xmft43Avw,4,https://yt3.ggpht.com/ytc/AGIKgqPpq3FnIIf9RThBCYIBC-pY6zZvfXilnPgBWtr6=s176-c-k-c0x00ffffff-no-rj,False,False,1619176838.51089,Non-Bull,39.55%,60.45%
UgwSyU656hdVaNbfwb94AaABAg,"Ternyata dia juga punya selera nusantara, kwkwkwkwkwk",2 tahun yang lalu,Reini Wijaya,UCOcc24oaZPCwifR6H8okmWw,4,https://yt3.ggpht.com/ytc/AGIKgqNqoqPdPBTUoU81RkcoEdSfbAsHDrvYy8b93g=s176-c-k-c0x00ffffff-no-rj,False,False,1619176838.51089,Non-Bull,39.55%,60.45%
UgzleyMmr15mh7dG2Y94AaABAg,inilah akibat iq dibawa standar bodohnya alamiüòäüôè,2 tahun yang lalu,Babayaga Babayaga,UCmzSISBTnoXrQNw7mhuZfvg,2,https://yt3.ggpht.com/ytc/AGIKgqPlNmUGIW-TDvMvzkpdZoJ7HwxSJAltXXMh_g=s176-c-k-c0x00ffffff-no-rj,False,False,1619176838.525142,Non-Bull,39.55%,60.45%
Ugz1mfI_Vww3QGJp3cp4AaABAg,"Gw cmn ksihan ma ank¬≤x aj ,pnya ibu yg sinting n gk bermartabat gt",2 tahun yang lalu,property plus Suramadu,UCxsww3rXXtEnz8jRB1Z1-QA,4,https://yt3.ggpht.com/ytc/AGIKgqOJQzFxZWiKsWNZcGsaUbqsHgTisxUqzQOtBpphXQ=s176-c-k-c0x00ffffff-no-rj,False,False,1619176838.52732,Non-Bull,39.55%,60.45%
Ugy4dYB5RMFVtlVdDAF4AaABAg,ywdhlah yea..yg enak2 dia..yg dosa jg dia..menang rugi jg dia..ngapain pda ribut..gak suka skip..klo suka tonton..jng nnton trs pda ngujat abcd..lah mlah pda nmbah dosa kalian sndri..,2 tahun yang lalu,Arif Yuniyanto,UCEV6NvGsJ-hvL6p_2B68nrA,51,https://yt3.ggpht.com/ytc/AGIKgqNx9PdP9URaV_-mZZRALUQoTATqllFq3KTlXw=s176-c-k-c0x00ffffff-no-rj,False,False,1619176838.52732,Non-Bull,87.94%,12.06%
UgxlyZCLLtgFqrVIrp94AaABAg,Nanti ada saatnya saling melaporkan #maybe,2 tahun yang lalu,Tmy Pratama,UCZ8DQsN0B-zAAw_41P1NH1Q,8,https://yt3.ggpht.com/ytc/AGIKgqOxDurxCXuZBt7af-z1iuPqRVdsy6GVEfd1pDw-5Q=s176-c-k-c0x00ffffff-no-rj,False,False,1619176838.52732,Non-Bull,39.55%,60.45%
UgxTXzF37UKMD1q7cqZ4AaABAg,2 orang keren,2 tahun yang lalu,jemi jems,UCW8FEIo5NAc_he8os2aDATg,2,https://yt3.ggpht.com/ytc/AGIKgqMhwi-2RO9heohMi38InAzgs1aPOHL2CKhFc7kipA=s176-c-k-c0x00ffffff-no-rj,False,False,1619176838.544317,Non-Bull,39.55%,60.45%
Ugzczki9j_lCIM6Tn4x4AaABAg,"Memang perempuan ngak beras
Amit2,punya anak perempuan .",2 tahun yang lalu,Norma Pokaton,UCyFU1ew9iFmV5Y4llHpEUwg,4,https://yt3.ggpht.com/ytc/AGIKgqOHM5PCwjIQRGkuE26mOaXw072RbqES8S_HEA=s176-c-k-c0x00ffffff-no-rj,False,False,1619176838.544317,Non-Bull,39.55%,60.45%
Ugyf-kcYnifSK_OdNUF4AaABAg,Wowüëèüòäüëç,2 tahun yang lalu,BayuThuBay Bayu Sastriawan Saputra Thu Bayu363,UCgiBW07zKMbbsV1Cf8IbOmQ,0,https://yt3.ggpht.com/ytc/AGIKgqNi1iwn_JpHFeKNK7FmsOnKXGJiVKoSJzBiC5CN=s176-c-k-c0x00ffffff-no-rj,False,False,1619176838.544317,Non-Bull,39.55%,60.45%
UgzNVvrHKyhWkDSTjVh4AaABAg,Mantap üëèüòäüëç,1 tahun yang lalu,BayuThuBay*BSS*? BayuBSS363,UCnEnZoIWi0uspjIOYu7inmQ,0,https://yt3.ggpht.com/ytc/AGIKgqMKKvViRGudL_9Q6WEfyeNK__IdVdD0mESH1QWm=s176-c-k-c0x00ffffff-no-rj,False,False,1650712838.556363,Non-Bull,39.55%,60.45%
UgzVKZSfawIbDJaYpIl4AaABAg,lumayan lh dapet menang banyk..mas gopar....hajar teruss,2 tahun yang lalu,ae di,UCQgTMckfXHXqvFhRVTXx_bA,1,https://yt3.ggpht.com/ytc/AGIKgqOKH8oT7cZS11DJLKAen-aOHfTObtpa3u1psA=s176-c-k-c0x00ffffff-no-rj,False,False,1619176838.5609,Non-Bull,39.55%,60.45%
UgxBHSchE1v8X5lAAZR4AaABAg,Cocok ember ama ember... Wkwk,2 tahun yang lalu,Macan,UCQYiAWTVqYt6U-dkMNc6GuQ,4,https://yt3.ggpht.com/ytc/AGIKgqNK2kLP3HjGQvhw4b_PGoCXTV6vDKl4hmdPbPiH2Q=s176-c-k-c0x00ffffff-no-rj,False,False,1619176838.5609,Non-Bull,39.55%,60.45%
Ugz0gfFUOymZG9EFda14AaABAg.9CAslwxAqYr9CGm4ucoyR8,anda tuhan taa??,2 tahun yang lalu,Ojhonk hore hore,UChBE8XdRMRhmyJMtCKml0Kw,0,https://yt3.ggpht.com/ytc/AGIKgqMe6cOxwTFan2ySatZ8yjVDuAJQOfDq-Wu2mPwmCQ=s176-c-k-c0x00ffffff-no-rj,False,True,1619176838.927292,Non-Bull,39.55%,60.45%
UgwSyU656hdVaNbfwb94AaABAg.9CBMaKn6iBW9CGtJMwE81T,üòÑüòÇüòÅ,2 tahun yang lalu,Ernie Heine,UCG6eTs7vPXhKddLh2NrnLVw,1,https://yt3.ggpht.com/ytc/AGIKgqNp_TaIlA_NJlDVS1x3tTusB7geJepGBV1G3DqLSA=s176-c-k-c0x00ffffff-no-rj,False,True,1619176839.327856,Non-Bull,39.55%,60.45%
Ugz1mfI_Vww3QGJp3cp4AaABAg.9CAFr5QMckU9CAPG34o4aJ,Menjijikan,2 tahun yang lalu,Nur Hayati,UC0M-qR3YC7jTcdNOOAiQxJQ,0,https://yt3.ggpht.com/ytc/AGIKgqOpCtnFxmBNV_BLGElHM2Yo8sk-PNFMa3wftQ=s176-c-k-c0x00ffffff-no-rj,False,True,1619176839.693674,Non-Bull,39.55%,60.45%
Ugy4dYB5RMFVtlVdDAF4AaABAg.9CDQHucdqsB9CFInf9YiwK,Bener,2 tahun yang lalu,Sutrisno Sutrisno,UCArejKtnmj8hHLlbhKZRLZQ,0,https://yt3.ggpht.com/ytc/AGIKgqM3MW3_TH3U05RpVGLWCFG0eaNX60MvL4dM5A=s176-c-k-c0x00ffffff-no-rj,False,True,1619176840.071275,Non-Bull,39.55%,60.45%
Ugy4dYB5RMFVtlVdDAF4AaABAg.9CDQHucdqsB9CIoBv2vKf4,merasa suci saja aslinya ya sama munafik juga...,2 tahun yang lalu,Ojhonk hore hore,UChBE8XdRMRhmyJMtCKml0Kw,2,https://yt3.ggpht.com/ytc/AGIKgqMe6cOxwTFan2ySatZ8yjVDuAJQOfDq-Wu2mPwmCQ=s176-c-k-c0x00ffffff-no-rj,False,True,1619176840.078591,Non-Bull,39.55%,60.45%
Ugy4dYB5RMFVtlVdDAF4AaABAg.9CDQHucdqsB9CeLhFuPtas,Nah ini komen yg betul nih! Maklum netizen + 62 msh bnyk yg munafik tp kepo,2 tahun yang lalu,Emma Kosasih,UCfJv3elh0oSGz7Fz1m4itmA,0,https://yt3.ggpht.com/5iCe6yTzeo3D3JWBSjQV5lK4RqE9iW_A82EQ6yKX07L5NXyk5Pl0D9Dfto9upx6qtsue7Ifgcg=s176-c-k-c0x00ffffff-no-rj,False,True,1619176840.078591,Non-Bull,39.55%,60.45%
Ugy4dYB5RMFVtlVdDAF4AaABAg.9CDQHucdqsB9ElCtBEQZUT,Kepeleset nnti abis aib ya di bongkar di media,2 tahun yang lalu,Faridah Indonesia,UCSQjEFUa8Cu5N2qmq7K2r6w,0,https://yt3.ggpht.com/ytc/AGIKgqM0wV_BNuuC-kB4OaSKYenGWxfplCnJvofWzg=s176-c-k-c0x00ffffff-no-rj,False,True,1619176840.078591,Non-Bull,39.55%,60.45%
UgxTXzF37UKMD1q7cqZ4AaABAg.9C0-_kp49sQ9CAAdSKhtuo,Keren apanya?!ü§£ü§£ü§£,2 tahun yang lalu,Irwan Jayadi,UCFELZ68_PLvd5H7CS-kP-iA,0,https://yt3.ggpht.com/ytc/AGIKgqMYZMf95H06clJA7PP4zeJdLneAJJ15PobeVw=s176-c-k-c0x00ffffff-no-rj,False,True,1619176840.443426,Non-Bull,39.55%,60.45%
Ugwuxx7twn2Wo8M19CR4AaABAg,Jadi tau nama gofar karena nikita..‚òùÔ∏è,2 tahun yang lalu,bintang Bersinar,UCT_RGDW5XgKRROYo8VoajpA,5,https://yt3.ggpht.com/ytc/AGIKgqMciMzhY1iX8rIRLXmyg0V-aTTJqEdKUumwky8o9g=s176-c-k-c0x00ffffff-no-rj,False,False,1619176840.936615,Non-Bull,39.55%,60.45%
UgyBWNHhXi-jGYhmOX54AaABAg,"sok-sok an ngurusin hidup orang,hidup anda sendiri udah pada bener emang? Ingat kita hanya beda jalan dalam memilih dosa.",2 tahun yang lalu,esar putra p,UCHbs5DQTe-u1RIDt8Xykrlw,6,https://yt3.ggpht.com/ytc/AGIKgqMwmNAfvgB_SY9bBQutmdFS3oTDaI5yUH-AKg=s176-c-k-c0x00ffffff-no-rj,False,False,1619176840.943549,Non-Bull,82.77%,17.23%
UgzZC4f2_KEJRZV5LC14AaABAg,Sedihhh sumpahhh..,2 tahun yang lalu,rani,UCiwUnhOrXsPiY3LI_WGNQMg,2,https://yt3.ggpht.com/ytc/AGIKgqOWHYOnEd5LvlGZoKDFIt_kxdCWHrxIzvw2wLHbew=s176-c-k-c0x00ffffff-no-rj,False,False,1619176840.943549,Non-Bull,39.55%,60.45%
UgxAJumFrMAizQV1XaZ4AaABAg,Dia bisa katakan orang cabe cabeAn. Diri aja ga bisa trovesi diri. Ga malu anak nya di panstren. Anak nya menutup aurat ibu nya buka bukaan,2 tahun yang lalu,muhanad Alqarany,UCsLPqjEL5Z7S5UNHbmkFQbQ,6,https://yt3.ggpht.com/ytc/AGIKgqOPuj_Ah3EpzKGSLkVSBnKpKRAnpQCkA2mZTljSSQ=s176-c-k-c0x00ffffff-no-rj,False,False,1619176840.952611,Non-Bull,39.55%,60.45%
Ugx3yUMPJTqbqnItd614AaABAg,"URUSAN RANJANG DIUMBAR2 ,GA BEDA JAUH SM PSK...hanya agar disebut masyarakat GA MUNAFIK ü§Æ",2 tahun yang lalu,rindu selalu,UCTZQj54uHBZBqtXPf0yJOVQ,47,https://yt3.ggpht.com/ytc/AGIKgqPQnb1ws6F6lpTeQ43OmPTp7QuVbBjai8J3WxNd=s176-c-k-c0x00ffffff-no-rj,False,False,1619176840.952611,Non-Bull,39.55%,60.45%
UgzOY3eWZxoBLj1Od8t4AaABAg,BAGUSNYA BUAT VIDEO KAYA LUNA ARIEL BIAR RAME,2 tahun yang lalu,Joni Bravo,UC4agX6eFTqIyhLqEi1WLYQA,2,https://yt3.ggpht.com/ytc/AGIKgqOzYATeyJSpQai4Nk8Gw1sojEgHGbuTXWHKuXsi=s176-c-k-c0x00ffffff-no-rj,False,False,1619176840.959993,Non-Bull,39.55%,60.45%
Ugycrg33RZMEAfvlTIl4AaABAg,"Gua ckup ntn aja ,nyiyir jg nambahin dosa",2 tahun yang lalu,Devi Anggiani,UCFKWptH3oSJpuEjYXZqFMRQ,6,https://yt3.ggpht.com/ytc/AGIKgqPWzXF05_BbmqCg3MYfLy-kq_PSiVhM92yb3omDpA=s176-c-k-c0x00ffffff-no-rj,False,False,1619176840.959993,Bull,10.74%,89.26%
Ugzm2cQ_NK-vexIZjoR4AaABAg,Emang nya udh halal mbak niki,2 tahun yang lalu,Klara Maike,UCyGtkmYhxbRNcaOYz1V-kgQ,0,https://yt3.ggpht.com/ytc/AGIKgqNHgh4QljjTk7jRU0yBFveQr4LfHTfxm8OSZA=s176-c-k-c0x00ffffff-no-rj,False,False,1619176840.968567,Non-Bull,39.55%,60.45%
Ugw5KKeauKKvzJMQead4AaABAg,Org yg mengumbar nafsu. Urusannya hanya perut d bawah perutnya ( diawali dr mulut),2 tahun yang lalu,Ratna yaty,UCjmNu719vzhdu9RttOqJTrg,9,https://yt3.ggpht.com/ytc/AGIKgqOPVRW_l2HkrvBwZjMthrvXKrsbzF1xct_I5GuT=s176-c-k-c0x00ffffff-no-rj,False,False,1619176840.968567,Non-Bull,39.55%,60.45%
Ugx6eTO8Ahe11_l-XRR4AaABAg,sensasi doang,2 tahun yang lalu,Mommy Oky,UCOxdCKAEh2S5ht7vXzVGPNQ,0,https://yt3.ggpht.com/fDPGXzoh6TsHjtlo8jXCUEaF56LS3Ht2BBhWb1CBVroI4jBOyjQTwkZUj-EINBZaa4H6mb7R_g=s176-c-k-c0x00ffffff-no-rj,False,False,1619176840.976863,Non-Bull,39.55%,60.45%
UgwXIAYuUb3NwzGrl5Z4AaABAg,"Cabe2an ajah malu nglakuin ky gini...hadewhh,,murahan skali",2 tahun yang lalu,Duta Ayu,UCqBlGAdkFfsWBzIJwZpFtJA,5,https://yt3.ggpht.com/ytc/AGIKgqPJbHN2z0aJVvNvx2yKdPGN0VVhHHnlcJcMFj5YLg=s176-c-k-c0x00ffffff-no-rj,False,False,1619176840.976863,Bull,10.74%,89.26%
Ugz2ybRlcyeOSGM3Ykl4AaABAg,Ajib bang gofar,2 tahun yang lalu,SADABAWA CHANNEL,UC1Bln5SvUt4zO-lwDV5CfWA,0,https://yt3.ggpht.com/ytc/AGIKgqOITCDGYqHQRWeaCxDCiP1j63VQDUQ9RtRgXSGi=s176-c-k-c0x00ffffff-no-rj,False,False,1619176840.984393,Non-Bull,39.55%,60.45%
UgzUcgLfrvcDPlUW6rJ4AaABAg,Dah ewongan tuch dah serasa tahu luar dln jeroannya.dower ketagihan sama tumbukan gofar,2 tahun yang lalu,wiwik aditama,UCbnxcwDicFG8Qb3hxCs_MEw,1,https://yt3.ggpht.com/ytc/AGIKgqOKrhLYSqrUC0EYbd2Op94C1jwwLMoR4K-LI7SbPQ=s176-c-k-c0x00ffffff-no-rj,False,False,1619176840.984393,Non-Bull,39.55%,60.45%
UgyPGSqhEuhYQ0loso14AaABAg,"Ni Kalo SELEK Sedikit HABIS tuh Gofar Di buka Aib""nya üòÅüòÅüòÅ",2 tahun yang lalu,Wendy AMAT,UCf1XtvoSxoL_05byyjpX4pQ,129,https://yt3.ggpht.com/ytc/AGIKgqN58gZdOrnNFSuM140nV5IL8zWp3bz-Ua3StWbV=s176-c-k-c0x00ffffff-no-rj,False,False,1619176840.995067,Bull,12.82%,87.18%
UgwraEwRoTM838_uXz14AaABAg,Hati hati nyai jangan sampe dimaenin LG nyai..,2 tahun yang lalu,Mayus Nitha,UCHzSgd4btnh5G1kB5-A05dA,13,https://yt3.ggpht.com/ytc/AGIKgqMrIapBCGcIWOt22iotF_uDPOHB_3dAokE8Jg=s176-c-k-c0x00ffffff-no-rj,False,False,1619176840.997145,Non-Bull,36.71%,63.29%
Ugxai57u_k6oAWNPjOp4AaABAg,Astaghfirullah aladzim ya Alloh,2 tahun yang lalu,Entin Misyati,UCQjHXy7WSxkq4wBxXL1ET3w,0,https://yt3.ggpht.com/yZ3HkWCyJIX2PWWn5cRG_xKk1MUnz-kbJXJujcWFYOMXhIyAPJzy7KbjoJ-5rvhBZiuJstNDRuE=s176-c-k-c0x00ffffff-no-rj,False,False,1619176840.997145,Non-Bull,39.55%,60.45%
UgzKK4tDU477UkpWXmp4AaABAg,"Dosanya mengalir terus, selama masih ada  yg nonton,",2 tahun yang lalu,Nanak Iskandar,UC-2qcfGXkDz5oTmq4dyZD6g,8,https://yt3.ggpht.com/ytc/AGIKgqP8uhmtjhvuizO4AGqxBV5VcIFg5J4ze1cojKQ9=s176-c-k-c0x00ffffff-no-rj,False,False,1619176840.997145,Non-Bull,39.55%,60.45%
Ugxw4tzgWEPfy8mUvs94AaABAg,Blum nikah udh bgtu dua duan dipeluk2 diliat org byk g malu yah...,2 tahun yang lalu,andisukma sari,UCQy5cl0KHWbS9MAVYNigAdw,5,https://yt3.ggpht.com/ytc/AGIKgqOppYQ9XZpese3np4wcM176wKXb2TrwiDmtlw=s176-c-k-c0x00ffffff-no-rj,False,False,1619176841.011394,Non-Bull,39.55%,60.45%
Ugxkhdgc27XsTbxvjz14AaABAg,Jijik lihat  nya kalau anak 2 nya lihat mimi nya murahan kayak gini apa tidak maluh anak nya lihat tinkah laku mimi nya mesti anak 2malu  baget ya segarus nya sebagai org tua tunjuk la tinkah laku yg bagus di depan anak nya  biyar anak nya tidak malu,2 tahun yang lalu,santi putri,UCJjWPAgUajF8TJvTUqbPzew,24,https://yt3.ggpht.com/ytc/AGIKgqMitRFdOse4DhdcKsR5L686vTAsd-2LJRnHgw=s176-c-k-c0x00ffffff-no-rj,False,False,1619176841.011394,Non-Bull,61.68%,38.32%
UgxFipvXwmgRqB1KGCR4AaABAg,Astaghfirullah halladzim,2 tahun yang lalu,Anita Ratna,UCSA7Q_VADMmR5G1IWinZ4Pw,1,https://yt3.ggpht.com/ytc/AGIKgqM4Nio9QfPJm7YjJo9XaF-wP5i8q9n2w4pcQQ=s176-c-k-c0x00ffffff-no-rj,False,False,1619176841.011394,Non-Bull,39.55%,60.45%
Ugwuxx7twn2Wo8M19CR4AaABAg.9C-IgmJ416f9C0-leQCGC7,"Dy penyiar terkenal, youtubenya jga mayan. Dan pemilik lawless burger salah satu burger terenak di indonesia",2 tahun yang lalu,Tiara Kirana,UCQhC2keJzyiuzmAr3KgxsHQ,3,https://yt3.ggpht.com/ytc/AGIKgqPV2kmMdTZraZWMI5gfI94M7FUolguqrvzwamwFSA=s176-c-k-c0x00ffffff-no-rj,False,True,1619176841.477958,Non-Bull,39.55%,60.45%
Ugwuxx7twn2Wo8M19CR4AaABAg.9C-IgmJ416f9C0JaaFUzAD,¬†@Tiara Kirana¬† iyah krana mantan pcrnya .bpknya pejabat,2 tahun yang lalu,wiwik aditama,UCbnxcwDicFG8Qb3hxCs_MEw,2,https://yt3.ggpht.com/ytc/AGIKgqOKrhLYSqrUC0EYbd2Op94C1jwwLMoR4K-LI7SbPQ=s176-c-k-c0x00ffffff-no-rj,False,True,1619176841.477958,Non-Bull,39.55%,60.45%
Ugwuxx7twn2Wo8M19CR4AaABAg.9C-IgmJ416f9C0nMQKhXM7,Hidup lu kmn aja üòÇ,2 tahun yang lalu,aji jati,UCho2uxWy3ZIVhX9fYbMpNUQ,0,https://yt3.ggpht.com/ytc/AGIKgqMg59GqgZG3oXLBI_zGQ4USfSdaia50RHXwL2IEQA=s176-c-k-c0x00ffffff-no-rj,False,True,1619176841.493629,Bull,3.3%,96.7%
Ugwuxx7twn2Wo8M19CR4AaABAg.9C-IgmJ416f9C0s59hZ9Nv,¬†@aji jati¬† bertapa üòÅ,2 tahun yang lalu,bintang Bersinar,UCT_RGDW5XgKRROYo8VoajpA,0,https://yt3.ggpht.com/ytc/AGIKgqMciMzhY1iX8rIRLXmyg0V-aTTJqEdKUumwky8o9g=s176-c-k-c0x00ffffff-no-rj,False,True,1619176841.493629,Non-Bull,39.55%,60.45%
Ugwuxx7twn2Wo8M19CR4AaABAg.9C-IgmJ416f9C10mEXwCPd,¬†@wiwik aditama¬† iya  itu juga. hahhaha,2 tahun yang lalu,Tiara Kirana,UCQhC2keJzyiuzmAr3KgxsHQ,0,https://yt3.ggpht.com/ytc/AGIKgqPV2kmMdTZraZWMI5gfI94M7FUolguqrvzwamwFSA=s176-c-k-c0x00ffffff-no-rj,False,True,1619176841.493629,Non-Bull,39.55%,60.45%
Ugwuxx7twn2Wo8M19CR4AaABAg.9C-IgmJ416f9C2bo4rMx7a,"apakah anda putri daerah ? di ibu kota sih besar bgt nama nya gofar.
presenter, penyiar, pengusaha, dan juga aktivis .",2 tahun yang lalu,Soemarno's son,UCJepEsA__rP_ZIrdzZ2BLUQ,0,https://yt3.ggpht.com/ytc/AGIKgqMR4ibQ7tX0q6Z-YR-rZWzl5L0KwdpANaIIMkbb=s176-c-k-c0x00ffffff-no-rj,False,True,1619176841.507281,Non-Bull,39.55%,60.45%
Ugwuxx7twn2Wo8M19CR4AaABAg.9C-IgmJ416f9C2c_TvpJBv,¬†@Soemarno's son¬† yoo ii..5jam klo ke jakarta.,2 tahun yang lalu,bintang Bersinar,UCT_RGDW5XgKRROYo8VoajpA,0,https://yt3.ggpht.com/ytc/AGIKgqMciMzhY1iX8rIRLXmyg0V-aTTJqEdKUumwky8o9g=s176-c-k-c0x00ffffff-no-rj,False,True,1619176841.510565,Non-Bull,39.55%,60.45%
Ugwuxx7twn2Wo8M19CR4AaABAg.9C-IgmJ416f9C5bkneS53o,"Dengerin hard rock fm dong  dr jam 6 pagi ampe jam sepuluh bareng surya , gokill",2 tahun yang lalu,Rina Deviani,UCI6ItCIa5pFH2CJEaFx12dQ,0,https://yt3.ggpht.com/ytc/AGIKgqMxlzikHGMjZfZqvArQ-FZ8lS1NZM2IB9FdOg=s176-c-k-c0x00ffffff-no-rj,False,True,1619176841.510565,Non-Bull,39.55%,60.45%
Ugwuxx7twn2Wo8M19CR4AaABAg.9C-IgmJ416f9C9Js0WkIVj,Gua jadi tau Nikita karena gofar,2 tahun yang lalu,Isa fernandes,UCpdfMc8u6uh5YgJUgzU473A,0,https://yt3.ggpht.com/ytc/AGIKgqNqWVURIZN-baCQZLrpK6AZ_n0ZVJVOM_tOMKYPwQ=s176-c-k-c0x00ffffff-no-rj,False,True,1619176841.510565,Non-Bull,39.55%,60.45%
UgyBWNHhXi-jGYhmOX54AaABAg.9CFDI_En75X9CN31YOiSea,nahhh ini baru sekut... sekarang jamanya orang munafik,2 tahun yang lalu,Ojhonk hore hore,UChBE8XdRMRhmyJMtCKml0Kw,1,https://yt3.ggpht.com/ytc/AGIKgqMe6cOxwTFan2ySatZ8yjVDuAJQOfDq-Wu2mPwmCQ=s176-c-k-c0x00ffffff-no-rj,False,True,1619176841.903296,Bull,3.27%,96.73%
UgxAJumFrMAizQV1XaZ4AaABAg.9CLE1Ty8nLM9Cgeva6Dpae,"Sadis kta2 lo,dosa masü§£ü§£ü§£",2 tahun yang lalu,Onco liuryaman Onco,UCGVmbSq0qxNpyTbSrAt1XnA,0,https://yt3.ggpht.com/IABxfwL6TtsPXD7te_otjY_RRzRDYt9pZCi8UljzrQ1S2sfqHvvGe_wwZeMU0lTQfg5mNOIE=s176-c-k-c0x00ffffff-no-rj,False,True,1619176842.226875,Non-Bull,39.55%,60.45%
Ugx3yUMPJTqbqnItd614AaABAg.9C7LY68TN5g9C9TuaMMLlL,Saya juga berfikir gt. Mending klw.  Suami ny  ü§Æü§Æü§Æü§Æ,2 tahun yang lalu,Ririn Antoro,UC3SBjy0XqIDGjgIecJK34aw,2,https://yt3.ggpht.com/ytc/AGIKgqOMAjx9-23GZPLehYig3_QTX7BBV43cUt4Ngj7rAlw=s176-c-k-c0x00ffffff-no-rj,False,True,1619176842.709728,Non-Bull,39.55%,60.45%
